order_id,customer_id,order_date,product_category,quantity,unit_price,total_amount
1,80306,17-10-2024,Home,2,269.95,539.9
2,74101,11-08-2025,Fashion,2,345.75,691.5
3,87674,09-09-2025,Fashion,5,196.65,983.25
4,79652,27-03-2025,Sports,2,253.3,506.6
5,83358,26-07-2025,Electronics,3,157.48,472.44
6,91541,11-06-2025,Electronics,5,468.18,2340.9
7,75918,07-01-2026,Fashion,4,183.7,734.8
8,36088,15-02-2025,Electronics,5,26.91,134.55
9,76727,06-07-2024,Fashion,2,388.17,776.34
10,18023,16-12-2024,Home,4,337.77,1351.08
11,58877,27-10-2024,Fashion,3,394.32,1182.96
12,81927,27-05-2025,Fashion,1,146.52,146.52
13,85869,21-10-2024,Fashion,4,104.76,419.04
14,63890,30-12-2024,Fashion,1,55.58,55.58
15,40387,19-07-2024,Home,5,211.38,1056.9
16,39108,08-04-2025,Sports,1,215.04,215.04
17,94206,30-11-2025,Electronics,2,489.65,979.3
18,66667,13-05-2025,Sports,2,102.8,205.6
19,72263,27-03-2025,Fashion,2,364.55,729.1
20,33073,16-07-2024,Fashion,5,43.21,216.05
21,50730,12-11-2024,Electronics,5,414.64,2073.2
22,46726,27-12-2024,Electronics,3,195.31,585.93
23,80966,20-02-2025,Electronics,1,360.31,360.31
24,35545,30-07-2025,Sports,1,169.92,169.92
25,39728,06-10-2025,Sports,5,452.81,2264.05
26,93924,18-08-2024,Books,3,126.44,379.32
27,89431,03-09-2024,Beauty,3,407.98,1223.94
28,45907,24-12-2024,Electronics,3,320.73,962.19
29,28401,11-10-2025,Books,4,472.48,1889.92
30,81390,03-03-2025,Books,4,216.56,866.24
31,98177,20-07-2025,Sports,1,495.12,495.12
32,79852,30-09-2025,Beauty,1,161.8,161.8
33,13325,09-01-2025,Home,3,477.57,1432.71
34,22181,11-01-2025,Home,4,18.46,73.84
35,81117,13-10-2024,Books,1,228.28,228.28
36,10796,01-03-2026,Beauty,2,48.1,96.2
37,53407,07-06-2024,Sports,2,43.16,86.32
38,47450,04-03-2026,Home,5,418.63,2093.15
39,91685,17-04-2026,Beauty,2,473.27,946.54
40,94069,25-02-2025,Beauty,4,351.65,1406.6
41,54620,28-12-2025,Beauty,4,193.66,774.64
42,26360,07-10-2024,Books,5,399.17,1995.85
43,50365,08-08-2025,Home,4,311.12,1244.48
44,46805,14-12-2024,Books,2,463.27,926.54
45,21850,01-04-2026,Sports,4,261.07,1044.28
46,74722,10-07-2024,Sports,1,480.06,480.06
47,79800,04-12-2024,Beauty,2,27.24,54.48
48,51768,26-07-2025,Home,2,87.36,174.72
49,26041,13-10-2024,Beauty,5,273.76,1368.8
50,12755,25-11-2025,Electronics,1,69.32,69.32
51,49663,09-10-2025,Books,2,427.69,855.38
52,42717,13-11-2024,Books,4,364.87,1459.48
53,89072,15-05-2026,Beauty,3,280.19,840.57
54,39143,18-02-2025,Beauty,3,61.5,184.5
55,97844,24-01-2025,Home,2,232.79,465.58
56,48317,09-05-2026,Sports,4,198.55,794.2
57,47593,12-03-2026,Sports,4,113.58,454.32
58,51799,08-03-2025,Books,1,97.71,97.71
59,90140,25-07-2025,Beauty,4,397,1588
60,59175,06-05-2025,Beauty,4,185.76,743.04
61,76280,15-09-2024,Fashion,2,97.59,195.18
62,42850,26-10-2025,Books,2,20.8,41.6
63,99764,02-03-2025,Sports,2,368.34,736.68
64,81594,18-10-2025,Home,3,46.88,140.64
65,20616,17-11-2024,Home,3,447.23,1341.69
66,83890,08-10-2025,Books,2,76.57,153.14
67,26071,15-10-2024,Fashion,5,445.85,2229.25
68,94964,06-10-2025,Electronics,5,345.02,1725.1
69,73341,12-04-2026,Home,4,375.44,1501.76
70,94884,10-06-2025,Home,4,54.16,216.64
71,68015,28-07-2024,Electronics,1,490.76,490.76
72,46191,23-01-2026,Fashion,2,286.74,573.48
73,57902,23-12-2024,Home,3,161.63,484.89
74,25023,03-04-2026,Home,1,67.07,67.07
75,33254,16-01-2025,Beauty,4,31.51,126.04
76,56643,15-12-2025,Home,3,151.05,453.15
77,36163,15-12-2025,Electronics,2,419.39,838.78
78,32407,30-05-2025,Sports,5,261,1305
79,94777,15-08-2025,Books,1,426.53,426.53
80,42618,30-10-2024,Books,3,102.63,307.89
81,10170,28-09-2024,Fashion,1,423.04,423.04
82,10967,08-01-2026,Sports,1,108.95,108.95
83,98815,11-10-2024,Beauty,3,436.89,1310.67
84,58739,07-06-2025,Electronics,3,310.78,932.34
85,72810,11-08-2024,Sports,4,245.91,983.64
86,59161,07-01-2025,Home,3,246.41,739.23
87,75450,01-10-2025,Fashion,4,497.47,1989.88
88,30487,15-10-2024,Electronics,4,429.05,1716.2
89,60158,12-10-2025,Books,1,359.11,359.11
90,32570,07-05-2026,Fashion,3,105.84,317.52
91,90671,07-12-2025,Fashion,4,284.72,1138.88
92,84797,30-07-2024,Electronics,2,292.39,584.78
93,18341,28-02-2025,Home,3,242,726
94,27323,22-03-2025,Home,1,365.83,365.83
95,11753,29-09-2024,Fashion,4,226.01,904.04
96,44432,20-11-2024,Beauty,5,28.53,142.65
97,66816,01-06-2026,Sports,1,426.58,426.58
98,84176,04-07-2025,Fashion,4,184.26,737.04
99,16435,20-07-2024,Beauty,3,91.52,274.56
100,72494,11-03-2026,Sports,5,285.43,1427.15
101,98731,16-11-2025,Home,4,377.4,1509.6
102,81755,13-05-2025,Beauty,5,279,1395
103,57225,22-12-2024,Beauty,2,381.25,762.5
104,19574,22-12-2025,Home,5,494.6,2473
105,43686,09-05-2025,Sports,5,167.34,836.7
106,56142,13-06-2025,Sports,4,75.86,303.44
107,23073,18-03-2025,Beauty,4,21.51,86.04
108,24775,02-10-2025,Sports,2,335.85,671.7
109,87438,28-05-2026,Home,1,497.06,497.06
110,76488,08-03-2026,Beauty,4,468.35,1873.4
111,62911,26-07-2025,Beauty,2,28.72,57.44
112,56389,18-08-2024,Electronics,2,212.14,424.28
113,72476,21-12-2025,Books,2,376.62,753.24
114,19363,19-04-2026,Sports,2,430.07,860.14
115,56405,12-01-2025,Sports,5,205.4,1027
116,36365,13-12-2025,Electronics,1,249.08,249.08
117,72797,15-11-2025,Home,4,316.61,1266.44
118,62758,14-05-2026,Fashion,2,63.5,127
119,20557,17-01-2025,Books,3,186.97,560.91
120,24561,28-03-2025,Home,1,457.81,457.81
121,87120,04-02-2025,Fashion,1,479.64,479.64
122,19829,12-09-2025,Sports,5,361.08,1805.4
123,72234,07-04-2026,Home,3,76.45,229.35
124,60709,23-06-2025,Electronics,2,246.96,493.92
125,60238,17-08-2025,Electronics,1,157.79,157.79
126,62263,06-08-2024,Fashion,4,443.87,1775.48
127,10798,22-01-2025,Electronics,4,291.57,1166.28
128,13130,01-03-2025,Electronics,4,238.24,952.96
129,90214,24-03-2026,Sports,1,83.31,83.31
130,35495,27-06-2024,Electronics,2,377.66,755.32
131,53033,12-12-2025,Electronics,4,121.73,486.92
132,31786,24-03-2025,Home,4,475.69,1902.76
133,77800,02-05-2026,Sports,3,275.25,825.75
134,36407,22-08-2024,Electronics,5,447.15,2235.75
135,74458,17-11-2024,Books,5,150.84,754.2
136,25570,12-09-2025,Sports,3,317.9,953.7
137,66068,15-11-2025,Home,2,96.8,193.6
138,71350,13-03-2026,Sports,5,28.63,143.15
139,41771,03-04-2025,Beauty,5,16.16,80.8
140,99049,29-09-2024,Beauty,5,240.61,1203.05
141,47991,19-10-2025,Electronics,3,234.82,704.46
142,31200,28-03-2025,Electronics,2,24.68,49.36
143,98792,21-11-2024,Books,4,420.51,1682.04
144,50766,05-04-2025,Electronics,3,226.04,678.12
145,93373,16-12-2024,Sports,4,193.06,772.24
146,81916,31-08-2025,Fashion,2,55.48,110.96
147,87137,11-09-2024,Fashion,4,281.59,1126.36
148,16941,10-10-2024,Electronics,2,113.45,226.9
149,63404,28-06-2024,Electronics,3,303.26,909.78
150,99185,27-05-2025,Fashion,3,382.31,1146.93
151,95602,06-05-2026,Sports,2,356.03,712.06
152,92980,07-09-2025,Fashion,4,163.65,654.6
153,86547,28-04-2025,Fashion,1,203.66,203.66
154,95747,20-10-2025,Books,5,182.46,912.3
155,46721,19-08-2025,Home,3,315.53,946.59
156,92928,28-12-2024,Books,1,246.11,246.11
157,63572,23-01-2026,Home,2,45.39,90.78
158,90346,21-12-2024,Fashion,1,184.31,184.31
159,10214,16-05-2025,Fashion,5,270.58,1352.9
160,29109,28-08-2024,Beauty,4,165.29,661.16
161,30109,05-12-2025,Sports,5,413.69,2068.45
162,96628,21-02-2025,Home,2,448.9,897.8
163,28763,20-01-2025,Beauty,1,103.35,103.35
164,28733,30-06-2024,Home,4,271.53,1086.12
165,63756,27-04-2025,Fashion,4,469.54,1878.16
166,70116,27-06-2024,Home,3,12.12,36.36
167,42819,08-01-2025,Books,1,209.7,209.7
168,60023,28-01-2026,Beauty,3,451.4,1354.2
169,13346,19-01-2025,Fashion,3,411.37,1234.11
170,88101,04-12-2025,Fashion,2,268.59,537.18
171,60925,01-09-2025,Electronics,2,407.01,814.02
172,74058,17-12-2024,Electronics,5,378.73,1893.65
173,54714,22-02-2025,Home,2,122.95,245.9
174,32098,01-08-2025,Home,5,233.17,1165.85
175,23448,31-08-2024,Home,4,82.74,330.96
176,48657,12-01-2025,Fashion,2,67.1,134.2
177,60102,24-03-2025,Fashion,4,261.13,1044.52
178,26100,16-03-2025,Sports,2,482.08,964.16
179,29484,13-05-2025,Electronics,5,355.45,1777.25
180,29180,25-10-2024,Electronics,5,153.87,769.35
181,63735,16-11-2025,Sports,1,364.6,364.6
182,14873,07-03-2026,Fashion,1,233.83,233.83
183,64972,28-09-2025,Sports,5,40.61,203.05
184,96290,01-09-2024,Fashion,4,383.63,1534.52
185,95304,08-04-2025,Fashion,5,474.24,2371.2
186,38864,10-10-2024,Electronics,4,70.79,283.16
187,14531,21-09-2025,Sports,3,258.04,774.12
188,52735,14-10-2025,Fashion,4,93.21,372.84
189,44476,24-03-2025,Fashion,1,105.99,105.99
190,51186,02-03-2026,Fashion,3,392.2,1176.6
191,98462,27-07-2025,Beauty,4,475.22,1900.88
192,52356,05-04-2026,Books,5,376.98,1884.9
193,81209,17-05-2026,Electronics,1,195.16,195.16
194,17900,08-10-2024,Books,2,186.72,373.44
195,70148,04-01-2026,Fashion,3,302,906
196,94602,07-05-2025,Sports,4,446.53,1786.12
197,17796,18-05-2026,Books,5,154.1,770.5
198,17801,04-06-2024,Beauty,3,361.2,1083.6
199,13931,19-09-2024,Home,5,306.78,1533.9
200,67837,05-06-2025,Beauty,5,381.52,1907.6
201,85786,05-09-2025,Home,3,494.72,1484.16
202,51582,12-07-2024,Electronics,1,283.4,283.4
203,90208,29-01-2026,Fashion,5,65.67,328.35
204,39493,15-09-2025,Home,4,359.28,1437.12
205,82826,07-12-2024,Beauty,4,459.74,1838.96
206,46680,05-11-2024,Home,1,440.66,440.66
207,79635,24-10-2025,Sports,3,352.18,1056.54
208,53599,12-03-2025,Electronics,3,158.05,474.15
209,44201,10-11-2025,Beauty,3,10.92,32.76
210,59869,04-12-2024,Sports,2,415.07,830.14
211,19582,10-12-2025,Beauty,5,299.16,1495.8
212,32254,16-05-2025,Home,2,381.48,762.96
213,31168,08-10-2024,Fashion,1,491.4,491.4
214,23469,07-03-2026,Fashion,5,443.13,2215.65
215,94851,13-07-2024,Fashion,3,255.23,765.69
216,85169,09-05-2025,Fashion,3,66.48,199.44
217,78060,24-03-2026,Sports,3,180.05,540.15
218,21258,04-03-2025,Electronics,1,186.31,186.31
219,98185,18-06-2024,Fashion,2,269.72,539.44
220,73043,09-09-2025,Beauty,4,37.29,149.16
221,73618,16-09-2024,Home,1,280.12,280.12
222,55416,17-01-2025,Fashion,5,118.77,593.85
223,82558,20-03-2025,Electronics,5,262.04,1310.2
224,45969,25-12-2024,Home,5,496.27,2481.35
225,67240,21-05-2026,Home,1,69.61,69.61
226,20899,07-11-2025,Electronics,5,168.95,844.75
227,78583,31-03-2026,Fashion,3,11.31,33.93
228,72736,06-06-2025,Books,1,184.64,184.64
229,16405,10-03-2025,Beauty,5,31.16,155.8
230,93069,22-06-2024,Sports,5,369.35,1846.75
231,69941,26-12-2024,Home,2,270.49,540.98
232,81876,15-01-2026,Books,5,295.85,1479.25
233,14131,10-02-2026,Sports,3,295.88,887.64
234,13093,21-10-2024,Books,5,288.94,1444.7
235,86653,15-09-2025,Electronics,5,330.18,1650.9
236,66942,03-12-2024,Books,5,108.33,541.65
237,81645,21-06-2025,Books,4,151.59,606.36
238,95992,17-11-2025,Books,1,267.88,267.88
239,87970,10-04-2026,Home,3,494.99,1484.97
240,32876,10-01-2025,Electronics,2,22.78,45.56
241,90355,06-08-2025,Beauty,4,261.09,1044.36
242,66693,06-07-2025,Electronics,3,147.61,442.83
243,19347,13-12-2024,Sports,2,215.32,430.64
244,86897,11-01-2025,Electronics,2,229.38,458.76
245,52513,25-09-2024,Home,2,281.15,562.3
246,13637,27-05-2026,Books,3,114.11,342.33
247,59532,11-06-2024,Beauty,1,59.84,59.84
248,43091,25-07-2025,Books,5,165.21,826.05
249,71332,03-05-2025,Sports,4,341.77,1367.08
250,47405,04-02-2026,Sports,3,356.76,1070.28
251,26852,22-07-2024,Fashion,4,481.77,1927.08
252,27855,24-06-2024,Beauty,4,289.36,1157.44
253,41809,24-11-2024,Electronics,1,379.74,379.74
254,30333,05-08-2025,Beauty,3,134.65,403.95
255,51635,03-09-2025,Electronics,3,81.28,243.84
256,90230,01-12-2024,Sports,3,385.52,1156.56
257,71574,05-03-2025,Books,5,360.91,1804.55
258,90724,26-11-2024,Fashion,2,411.11,822.22
259,52129,28-04-2026,Books,4,296.91,1187.64
260,33397,05-04-2025,Fashion,3,157.3,471.9
261,24794,19-12-2024,Electronics,2,455.84,911.68
262,23828,09-03-2026,Home,1,488.11,488.11
263,74232,20-02-2026,Books,4,44.2,176.8
264,33182,11-10-2024,Sports,1,363.11,363.11
265,67504,01-06-2025,Beauty,2,242.95,485.9
266,84707,10-04-2025,Home,4,326.65,1306.6
267,70882,22-08-2024,Beauty,5,456.06,2280.3
268,78675,03-01-2025,Sports,4,364.22,1456.88
269,48873,01-06-2026,Fashion,4,311.65,1246.6
270,45406,29-09-2024,Sports,4,473.21,1892.84
271,65098,14-07-2024,Beauty,5,121.47,607.35
272,13450,04-06-2025,Sports,1,267.46,267.46
273,20722,03-05-2025,Sports,1,80.66,80.66
274,17631,29-07-2024,Beauty,1,367.85,367.85
275,82032,01-11-2024,Sports,1,428.58,428.58
276,60506,29-10-2025,Fashion,2,126.66,253.32
277,41691,03-06-2025,Sports,3,480.12,1440.36
278,52067,18-11-2025,Books,1,45.43,45.43
279,84268,10-01-2026,Books,4,471.81,1887.24
280,46920,31-05-2026,Home,1,68.63,68.63
281,71338,02-09-2024,Fashion,3,118.03,354.09
282,66676,11-11-2025,Books,5,349.81,1749.05
283,81158,14-06-2025,Electronics,3,116.49,349.47
284,94988,30-06-2025,Books,3,299.75,899.25
285,64363,18-07-2025,Electronics,2,36.65,73.3
286,80157,02-08-2024,Home,5,295.78,1478.9
287,89910,13-08-2025,Home,3,106.85,320.55
288,35523,19-01-2025,Books,5,252.16,1260.8
289,26315,29-08-2025,Books,2,367.54,735.08
290,74894,17-11-2024,Beauty,4,302.75,1211
291,93156,11-07-2024,Books,2,226.42,452.84
292,54662,20-10-2025,Books,2,134.47,268.94
293,54732,19-02-2025,Beauty,1,66.02,66.02
294,45506,01-02-2025,Home,4,436.77,1747.08
295,66843,24-06-2024,Books,5,494.16,2470.8
296,15517,05-05-2026,Books,1,412.6,412.6
297,62111,16-08-2025,Sports,2,282.64,565.28
298,72457,10-07-2025,Home,2,282.89,565.78
299,36293,18-08-2024,Beauty,5,37.86,189.3
300,57193,14-07-2024,Sports,5,14.43,72.15
301,78694,02-09-2025,Sports,5,298.16,1490.8
302,80110,21-09-2024,Books,5,269.75,1348.75
303,42100,05-11-2025,Home,3,186.26,558.78
304,88159,28-07-2024,Beauty,2,494.22,988.44
305,56792,25-04-2025,Home,5,431.69,2158.45
306,57119,16-09-2025,Sports,4,407.96,1631.84
307,11518,06-10-2025,Home,5,217.53,1087.65
308,34406,09-01-2025,Fashion,1,284.8,284.8
309,65655,19-09-2025,Home,3,234.04,702.12
310,75876,19-04-2025,Fashion,3,490.7,1472.1
311,16026,06-11-2025,Books,4,127.59,510.36
312,43776,25-05-2026,Books,1,407.42,407.42
313,73963,24-09-2024,Fashion,5,246.94,1234.7
314,93134,22-03-2025,Fashion,5,434.11,2170.55
315,58566,10-11-2024,Electronics,5,131.16,655.8
316,17522,26-02-2025,Fashion,3,206.75,620.25
317,99996,11-04-2026,Beauty,1,145.58,145.58
318,85999,15-08-2024,Home,1,347.85,347.85
319,27265,07-09-2024,Sports,4,483.24,1932.96
320,44603,27-03-2026,Electronics,4,151.46,605.84
321,96112,20-03-2025,Beauty,3,412.7,1238.1
322,21701,11-09-2024,Home,3,212.96,638.88
323,25885,08-09-2024,Beauty,1,499.96,499.96
324,51390,24-08-2024,Books,5,218.43,1092.15
325,72303,25-05-2025,Books,4,379.49,1517.96
326,25625,24-10-2024,Sports,1,93.47,93.47
327,61154,09-11-2025,Books,2,249.36,498.72
328,41347,29-07-2024,Fashion,3,22.8,68.4
329,72096,09-12-2025,Electronics,3,489.75,1469.25
330,54717,19-07-2025,Fashion,3,106.06,318.18
331,19207,17-11-2024,Books,4,207.68,830.72
332,37524,20-02-2026,Sports,1,80.76,80.76
333,16753,04-12-2025,Fashion,1,225.46,225.46
334,66674,23-03-2025,Home,3,117.61,352.83
335,88875,08-07-2025,Electronics,2,282.26,564.52
336,43710,04-10-2025,Beauty,1,394.23,394.23
337,61608,14-02-2025,Fashion,4,326.15,1304.6
338,82311,16-03-2026,Beauty,2,406.56,813.12
339,73469,13-02-2026,Home,2,227.41,454.82
340,94783,28-11-2025,Books,3,89.99,269.97
341,60946,20-03-2025,Electronics,5,337.5,1687.5
342,91003,17-09-2024,Books,3,53.48,160.44
343,71106,17-01-2026,Sports,2,373.92,747.84
344,36202,27-02-2025,Home,1,360.21,360.21
345,72807,10-07-2024,Home,3,377,1131
346,46227,05-01-2025,Sports,1,56.37,56.37
347,95604,21-12-2024,Beauty,3,498.73,1496.19
348,18154,27-02-2026,Beauty,5,317.51,1587.55
349,24926,04-10-2024,Home,2,361.22,722.44
350,67193,09-01-2026,Books,3,66.33,198.99
351,93230,12-08-2024,Beauty,2,207.22,414.44
352,72720,29-07-2024,Fashion,5,142.2,711
353,43939,27-08-2024,Home,1,111.12,111.12
354,27097,14-08-2024,Fashion,4,47.14,188.56
355,45268,12-08-2025,Fashion,3,446.91,1340.73
356,38844,31-03-2026,Beauty,1,152.39,152.39
357,99150,15-06-2024,Books,5,416.81,2084.05
358,43624,30-01-2026,Sports,3,102.34,307.02
359,61976,13-01-2026,Fashion,3,271.26,813.78
360,49469,31-01-2026,Books,5,403.96,2019.8
361,43987,07-11-2025,Electronics,5,270.62,1353.1
362,77438,08-05-2025,Electronics,3,333.47,1000.41
363,77366,24-02-2026,Beauty,4,456.59,1826.36
364,46731,22-09-2024,Books,5,146.26,731.3
365,27156,19-08-2025,Sports,1,175.33,175.33
366,89469,29-10-2025,Electronics,2,395.45,790.9
367,24350,16-07-2024,Beauty,5,311.01,1555.05
368,88144,15-02-2026,Beauty,1,450.58,450.58
369,56377,09-03-2026,Electronics,3,77.24,231.72
370,52990,18-07-2024,Fashion,1,430.22,430.22
371,91859,19-02-2026,Electronics,2,340.16,680.32
372,18855,15-05-2026,Beauty,4,25.29,101.16
373,93680,04-12-2024,Home,4,394.39,1577.56
374,70637,29-01-2026,Fashion,3,473.45,1420.35
375,32811,01-04-2025,Sports,5,257.6,1288
376,13997,26-10-2025,Beauty,2,471.05,942.1
377,15785,03-08-2025,Home,3,84.19,252.57
378,88857,15-06-2024,Sports,5,320.99,1604.95
379,36556,30-07-2025,Fashion,4,301.57,1206.28
380,83651,22-06-2025,Books,4,26.9,107.6
381,74924,27-06-2025,Fashion,3,114.25,342.75
382,23880,25-08-2024,Fashion,5,479.67,2398.35
383,63415,24-12-2025,Electronics,4,370.72,1482.88
384,67215,27-02-2025,Home,3,31.82,95.46
385,72627,11-10-2025,Beauty,3,190.21,570.63
386,85909,06-06-2025,Sports,5,51.01,255.05
387,97724,13-01-2025,Home,5,440.08,2200.4
388,47889,18-02-2025,Sports,4,131.94,527.76
389,90286,28-01-2025,Sports,1,121.6,121.6
390,15426,21-08-2024,Fashion,2,42.23,84.46
391,87336,15-08-2024,Sports,4,385.04,1540.16
392,92042,10-12-2025,Fashion,2,54.61,109.22
393,10608,28-03-2025,Books,1,424.37,424.37
394,67536,29-04-2026,Home,2,401.58,803.16
395,37510,07-02-2026,Electronics,4,455.65,1822.6
396,78908,31-12-2024,Sports,3,150.41,451.23
397,82059,18-07-2024,Home,5,326.92,1634.6
398,31766,28-07-2024,Books,3,392.56,1177.68
399,62140,19-02-2025,Beauty,4,488.53,1954.12
400,83393,22-08-2024,Sports,1,332.27,332.27
401,68987,16-08-2024,Electronics,1,43.83,43.83
402,74763,14-12-2024,Books,5,376.04,1880.2
403,94579,04-04-2026,Books,2,147.89,295.78
404,65498,30-07-2025,Electronics,2,39.64,79.28
405,87565,01-01-2025,Books,5,494.67,2473.35
406,67377,21-07-2025,Books,2,326.71,653.42
407,14476,28-06-2025,Beauty,3,464.84,1394.52
408,13169,14-09-2025,Sports,3,253.32,759.96
409,49631,01-12-2025,Electronics,2,419.63,839.26
410,94114,13-09-2025,Sports,3,21.68,65.04
411,88290,17-02-2026,Home,3,453.3,1359.9
412,61353,04-08-2025,Beauty,3,41.58,124.74
413,58540,11-07-2025,Books,4,113.37,453.48
414,47298,23-01-2025,Fashion,5,48.93,244.65
415,24520,06-11-2025,Sports,4,252.64,1010.56
416,17410,21-04-2025,Electronics,4,60.34,241.36
417,49253,08-09-2024,Beauty,4,89.41,357.64
418,90260,29-09-2024,Fashion,2,79.79,159.58
419,17749,18-01-2025,Home,1,115.33,115.33
420,85356,17-08-2024,Fashion,5,487.35,2436.75
421,40322,07-09-2024,Books,2,19.94,39.88
422,19665,03-12-2024,Books,4,208.21,832.84
423,55173,05-10-2024,Electronics,2,389.75,779.5
424,82738,22-06-2024,Home,3,458.83,1376.49
425,91443,09-02-2026,Home,3,14.29,42.87
426,91222,31-07-2025,Fashion,2,250.16,500.32
427,27619,25-06-2025,Home,3,295.95,887.85
428,31155,18-02-2026,Sports,5,185.95,929.75
429,71620,27-02-2026,Beauty,2,135.11,270.22
430,40844,14-08-2024,Books,1,409.92,409.92
431,87115,22-08-2025,Home,2,268.54,537.08
432,26308,15-03-2025,Electronics,1,192.75,192.75
433,43417,17-01-2025,Sports,2,475.6,951.2
434,17799,13-06-2024,Fashion,5,50.82,254.1
435,93667,22-05-2026,Home,2,126.1,252.2
436,13691,23-08-2025,Electronics,4,208.23,832.92
437,96217,20-11-2024,Books,5,84.02,420.1
438,17045,12-12-2025,Electronics,5,315.64,1578.2
439,76160,14-04-2026,Books,3,150.02,450.06
440,72918,07-08-2024,Sports,3,98.82,296.46
441,29519,25-02-2025,Sports,3,277.67,833.01
442,44347,01-06-2025,Home,4,253.13,1012.52
443,67694,10-01-2025,Home,2,110.97,221.94
444,70059,27-02-2025,Books,3,14.03,42.09
445,45953,03-06-2024,Fashion,2,291.62,583.24
446,61790,10-03-2025,Books,3,225.16,675.48
447,18110,05-07-2024,Beauty,3,352.96,1058.88
448,28443,25-05-2025,Books,3,163.05,489.15
449,14345,17-02-2025,Fashion,1,322.3,322.3
450,78091,01-12-2025,Fashion,1,387.25,387.25
451,73098,16-12-2025,Sports,2,148.04,296.08
452,96028,11-05-2025,Electronics,1,14.83,14.83
453,18027,06-04-2025,Fashion,2,162.78,325.56
454,81786,20-10-2025,Sports,1,495.73,495.73
455,42652,12-11-2024,Books,5,162.4,812
456,39423,21-08-2024,Sports,3,154.9,464.7
457,39922,09-10-2025,Home,3,493.07,1479.21
458,90057,02-07-2025,Fashion,1,292.46,292.46
459,76061,31-03-2026,Books,4,387.3,1549.2
460,30755,20-04-2026,Beauty,2,54.86,109.72
461,26603,17-06-2025,Electronics,1,471.77,471.77
462,84186,23-07-2024,Home,3,281.38,844.14
463,12089,26-03-2025,Electronics,1,108.84,108.84
464,76781,03-04-2026,Home,1,79.81,79.81
465,97046,27-05-2026,Beauty,3,201.42,604.26
466,28398,26-07-2024,Beauty,1,458.59,458.59
467,16918,07-05-2026,Books,5,185.39,926.95
468,14839,04-02-2026,Books,5,430.64,2153.2
469,74459,27-02-2025,Books,2,445.26,890.52
470,78335,16-04-2026,Sports,5,164.37,821.85
471,18073,01-12-2024,Books,2,448.86,897.72
472,18463,14-12-2024,Books,4,85.58,342.32
473,98639,20-07-2024,Books,3,467.16,1401.48
474,79684,18-04-2026,Sports,5,188.74,943.7
475,64716,21-12-2025,Beauty,2,335.03,670.06
476,70792,17-02-2025,Beauty,4,484.91,1939.64
477,62984,14-02-2025,Electronics,3,457.24,1371.72
478,96006,11-08-2025,Home,2,26.34,52.68
479,61410,05-10-2025,Home,4,366.45,1465.8
480,46908,12-09-2024,Home,1,325.94,325.94
481,13591,08-02-2025,Books,4,38.35,153.4
482,50631,15-10-2025,Sports,3,129.48,388.44
483,21103,29-11-2024,Electronics,2,49.63,99.26
484,91790,20-12-2025,Beauty,3,128.71,386.13
485,30048,30-05-2026,Sports,5,228.76,1143.8
486,98620,15-07-2024,Electronics,1,489.16,489.16
487,31762,23-10-2024,Beauty,5,76.46,382.3
488,88783,23-09-2024,Beauty,3,45.01,135.03
489,79339,31-05-2026,Fashion,5,365.53,1827.65
490,53344,12-04-2025,Electronics,4,435.84,1743.36
491,83445,09-04-2025,Beauty,2,65.47,130.94
492,49026,03-07-2025,Sports,5,336.75,1683.75
493,19346,20-02-2026,Sports,5,90.2,451
494,28060,26-07-2025,Fashion,4,83.91,335.64
495,57771,21-11-2024,Home,4,387.65,1550.6
496,23728,03-11-2024,Books,3,459.94,1379.82
497,43905,14-10-2024,Electronics,2,237.43,474.86
498,10586,01-08-2024,Books,4,249.45,997.8
499,80389,15-04-2026,Beauty,4,466.1,1864.4
500,65004,08-12-2025,Beauty,2,342.01,684.02
501,14566,21-08-2024,Sports,1,174.38,174.38
502,94052,09-12-2025,Sports,5,245.31,1226.55
503,14143,24-05-2026,Beauty,5,235.46,1177.3
504,58332,27-02-2025,Sports,3,63.29,189.87
505,57657,01-05-2026,Beauty,1,156.74,156.74
506,15967,21-02-2026,Beauty,5,195.55,977.75
507,34228,24-03-2026,Fashion,5,239.48,1197.4
508,15693,04-04-2025,Sports,5,357.5,1787.5
509,92701,18-10-2025,Electronics,5,211.37,1056.85
510,12135,15-03-2026,Beauty,3,223.97,671.91
511,77180,18-01-2026,Beauty,3,393.38,1180.14
512,42800,04-03-2026,Books,2,67.7,135.4
513,29439,26-10-2025,Books,5,411.73,2058.65
514,87468,05-12-2025,Books,4,316.59,1266.36
515,10969,20-10-2024,Sports,3,159.32,477.96
516,18664,18-09-2025,Sports,1,383.07,383.07
517,65974,14-11-2025,Fashion,1,118.74,118.74
518,56435,20-09-2025,Beauty,5,472.8,2364
519,56868,12-02-2025,Fashion,3,240.41,721.23
520,85838,01-03-2026,Beauty,4,135.96,543.84
521,29944,19-05-2025,Fashion,1,84.12,84.12
522,84771,30-11-2024,Electronics,4,383.86,1535.44
523,78274,15-10-2025,Books,4,200.57,802.28
524,93482,12-04-2025,Sports,1,43.08,43.08
525,47303,20-07-2025,Home,1,18.39,18.39
526,58539,30-08-2024,Books,1,290.09,290.09
527,10697,18-01-2025,Fashion,2,434.09,868.18
528,64519,30-10-2025,Home,2,52.44,104.88
529,15973,17-11-2025,Sports,5,140.78,703.9
530,15400,14-07-2025,Sports,2,390.84,781.68
531,77598,08-04-2026,Books,1,349.43,349.43
532,91646,14-09-2025,Home,4,178.88,715.52
533,85875,01-05-2025,Beauty,5,82.61,413.05
534,74212,26-05-2025,Books,4,488.7,1954.8
535,10778,19-07-2025,Electronics,4,207.61,830.44
536,11787,08-07-2025,Fashion,5,303.05,1515.25
537,21785,04-07-2025,Sports,5,416.38,2081.9
538,33622,15-02-2026,Beauty,4,269.83,1079.32
539,31249,04-02-2026,Sports,4,185.09,740.36
540,23774,08-01-2025,Home,4,152.71,610.84
541,69840,26-11-2024,Electronics,2,63.61,127.22
542,91267,19-07-2024,Fashion,5,434.98,2174.9
543,67810,20-06-2024,Electronics,5,345.45,1727.25
544,36719,26-01-2026,Home,3,415.24,1245.72
545,95334,19-08-2025,Fashion,1,223.85,223.85
546,30115,01-03-2026,Home,3,214.04,642.12
547,80771,20-10-2025,Books,2,165.23,330.46
548,24216,28-08-2024,Sports,3,207.97,623.91
549,26422,09-02-2025,Books,2,78.93,157.86
550,96006,13-05-2025,Home,1,248.74,248.74
551,84702,23-06-2024,Fashion,3,490.27,1470.81
552,73987,24-09-2024,Beauty,5,104.9,524.5
553,43744,31-10-2024,Electronics,2,46.97,93.94
554,64363,11-11-2025,Books,2,294.68,589.36
555,40324,29-12-2024,Fashion,1,46.63,46.63
556,82883,16-11-2025,Books,3,292.94,878.82
557,45622,27-01-2025,Sports,2,236.62,473.24
558,73064,12-03-2026,Fashion,2,393.72,787.44
559,25421,17-05-2025,Sports,5,136.5,682.5
560,26842,09-08-2024,Electronics,2,211.88,423.76
561,33976,18-11-2024,Sports,3,299.24,897.72
562,60111,22-06-2024,Beauty,5,358.13,1790.65
563,69342,27-10-2024,Beauty,4,487.72,1950.88
564,18815,25-07-2025,Home,3,408.02,1224.06
565,61455,16-03-2026,Sports,4,277.74,1110.96
566,81886,06-06-2025,Beauty,3,408.11,1224.33
567,44120,03-11-2025,Sports,1,369.92,369.92
568,94808,05-07-2025,Sports,2,394.27,788.54
569,69158,08-05-2025,Books,4,367.3,1469.2
570,18059,20-02-2025,Books,2,233.65,467.3
571,10263,11-02-2026,Electronics,3,107.41,322.23
572,35286,08-08-2025,Home,1,416.75,416.75
573,84728,14-10-2024,Electronics,2,402.6,805.2
574,95399,11-07-2024,Fashion,5,304.37,1521.85
575,90284,16-12-2025,Electronics,3,96.6,289.8
576,78499,27-10-2024,Home,1,232.89,232.89
577,56541,05-02-2026,Home,1,385.93,385.93
578,75447,28-08-2024,Books,3,153.4,460.2
579,92624,11-09-2024,Fashion,2,140.56,281.12
580,85297,15-09-2024,Home,3,337.9,1013.7
581,85240,16-03-2026,Home,4,402.22,1608.88
582,57607,13-02-2026,Electronics,2,304.99,609.98
583,88047,22-09-2024,Books,2,148.79,297.58
584,33999,29-07-2024,Electronics,1,142.94,142.94
585,13230,21-10-2024,Books,5,234.11,1170.55
586,73538,05-09-2025,Sports,5,131.55,657.75
587,34043,28-11-2025,Books,4,377.99,1511.96
588,21798,03-08-2025,Sports,1,182.09,182.09
589,78192,21-08-2024,Beauty,5,183.63,918.15
590,95786,19-10-2025,Beauty,1,436.12,436.12
591,73513,27-02-2026,Beauty,2,443.3,886.6
592,17368,14-12-2024,Fashion,2,54.7,109.4
593,77414,23-08-2024,Home,2,423.77,847.54
594,15137,05-02-2026,Home,1,392.46,392.46
595,30129,11-09-2024,Beauty,1,101.56,101.56
596,56205,03-06-2026,Fashion,2,152.98,305.96
597,24413,24-11-2024,Home,1,371.8,371.8
598,93208,19-01-2026,Fashion,4,101.09,404.36
599,84944,24-01-2026,Beauty,3,72.85,218.55
600,73403,25-04-2026,Books,3,286.99,860.97
601,93751,21-06-2025,Beauty,2,364.45,728.9
602,94549,03-03-2025,Books,3,30.46,91.38
603,38808,06-05-2025,Books,4,115.85,463.4
604,85291,29-09-2024,Books,1,218.6,218.6
605,27092,10-04-2026,Home,1,224.99,224.99
606,23864,22-06-2024,Home,5,186.43,932.15
607,31335,06-02-2025,Fashion,4,80.49,321.96
608,88306,18-12-2024,Sports,4,325.64,1302.56
609,74204,31-12-2024,Home,5,215.71,1078.55
610,86772,09-08-2024,Beauty,4,128.44,513.76
611,22763,16-09-2025,Books,2,118.87,237.74
612,11594,16-10-2024,Fashion,5,227.36,1136.8
613,19464,18-10-2024,Home,5,341.79,1708.95
614,32975,20-04-2025,Beauty,4,177.88,711.52
615,58715,23-02-2025,Beauty,3,210.63,631.89
616,36032,11-08-2025,Beauty,2,396.4,792.8
617,30559,08-07-2024,Beauty,1,79.91,79.91
618,70974,15-11-2024,Sports,1,235.85,235.85
619,49852,02-10-2025,Books,3,332.61,997.83
620,74012,10-09-2024,Sports,4,474.77,1899.08
621,27114,05-10-2025,Beauty,1,268.44,268.44
622,83288,03-02-2026,Home,3,394.6,1183.8
623,31817,30-07-2024,Home,3,56.56,169.68
624,16630,08-11-2024,Fashion,3,392.29,1176.87
625,80496,07-12-2025,Electronics,2,78.96,157.92
626,14804,04-12-2025,Beauty,2,221.61,443.22
627,47141,15-03-2026,Books,1,384.6,384.6
628,14991,29-04-2025,Home,3,452.72,1358.16
629,12474,12-08-2024,Home,2,34.65,69.3
630,50546,08-11-2024,Sports,1,167.66,167.66
631,47603,28-03-2025,Electronics,4,18.13,72.52
632,57055,05-12-2025,Electronics,4,367,1468
633,22211,15-09-2024,Electronics,4,370.52,1482.08
634,47444,12-09-2025,Fashion,1,72.47,72.47
635,93972,06-07-2025,Books,4,152.77,611.08
636,28797,17-05-2026,Electronics,4,100.11,400.44
637,91965,03-09-2025,Fashion,4,486.7,1946.8
638,20182,19-11-2024,Home,4,477.85,1911.4
639,66739,18-08-2024,Beauty,4,143.1,572.4
640,81973,05-05-2026,Sports,3,375.02,1125.06
641,44034,02-04-2025,Fashion,4,127.62,510.48
642,21841,22-09-2024,Electronics,5,85.21,426.05
643,13628,01-08-2024,Sports,2,281,562
644,82163,12-06-2025,Home,3,389.07,1167.21
645,60022,06-10-2025,Electronics,5,181.7,908.5
646,66819,09-06-2024,Sports,4,342.83,1371.32
647,28628,26-08-2025,Books,2,412.32,824.64
648,14241,02-08-2025,Electronics,2,403.95,807.9
649,42724,17-02-2026,Electronics,4,357.45,1429.8
650,61103,03-04-2026,Fashion,5,170.9,854.5
651,81835,08-03-2025,Electronics,1,253.67,253.67
652,68673,26-11-2024,Electronics,2,39.08,78.16
653,49429,19-04-2025,Beauty,3,460.19,1380.57
654,43021,07-03-2025,Electronics,3,24.57,73.71
655,11255,25-11-2024,Beauty,2,468.97,937.94
656,27912,14-06-2024,Fashion,4,88.31,353.24
657,25512,18-10-2025,Sports,4,144.94,579.76
658,38829,25-01-2025,Home,4,105.62,422.48
659,55145,27-06-2024,Sports,3,250.68,752.04
660,30145,06-08-2025,Sports,1,357.66,357.66
661,88117,13-01-2025,Home,2,256.46,512.92
662,93109,18-05-2026,Books,5,429.96,2149.8
663,46104,14-01-2026,Beauty,5,97.8,489
664,44830,28-04-2025,Fashion,2,184.79,369.58
665,67656,19-08-2025,Fashion,1,251.81,251.81
666,37845,29-09-2025,Electronics,1,231.33,231.33
667,75688,05-02-2025,Beauty,3,313.35,940.05
668,55353,28-07-2024,Home,2,263.28,526.56
669,77053,27-07-2024,Beauty,1,230.2,230.2
670,88289,31-08-2025,Electronics,2,279.5,559
671,86652,07-09-2025,Home,2,25.72,51.44
672,74503,25-01-2025,Books,3,485.94,1457.82
673,66361,25-01-2026,Books,5,411.42,2057.1
674,90253,16-04-2026,Fashion,1,376.04,376.04
675,21230,10-03-2025,Books,5,85.51,427.55
676,68889,20-01-2025,Home,2,399.14,798.28
677,20327,04-02-2026,Fashion,5,380.39,1901.95
678,66930,15-01-2025,Fashion,3,455.67,1367.01
679,27643,06-12-2024,Sports,1,359.47,359.47
680,29951,16-04-2025,Fashion,3,495.16,1485.48
681,76589,19-02-2026,Sports,5,23.11,115.55
682,49183,19-06-2024,Sports,3,122.91,368.73
683,96850,19-11-2025,Books,3,30.53,91.59
684,56404,18-07-2025,Beauty,5,180.73,903.65
685,34285,16-10-2025,Books,5,164.69,823.45
686,64295,15-12-2025,Beauty,1,335.68,335.68
687,81603,18-06-2024,Home,4,381.73,1526.92
688,14148,13-04-2025,Beauty,5,481.3,2406.5
689,65648,14-07-2025,Home,3,203.37,610.11
690,10008,28-09-2025,Beauty,2,190.29,380.58
691,21364,22-03-2025,Sports,2,230.16,460.32
692,46575,04-10-2025,Fashion,3,160.32,480.96
693,14901,29-12-2025,Electronics,2,115.85,231.7
694,79830,10-12-2024,Electronics,5,26.56,132.8
695,94045,15-06-2025,Home,1,272.36,272.36
696,81947,23-12-2024,Beauty,3,487.37,1462.11
697,80836,05-04-2025,Beauty,3,55.69,167.07
698,67269,28-02-2026,Electronics,3,26.34,79.02
699,78595,06-12-2024,Home,2,292.42,584.84
700,52717,13-05-2025,Sports,2,40.5,81
701,53479,17-02-2026,Fashion,1,93.66,93.66
702,37085,24-01-2026,Fashion,4,488.05,1952.2
703,60253,05-07-2025,Beauty,2,93.81,187.62
704,62594,13-05-2025,Beauty,3,451.22,1353.66
705,98403,04-03-2025,Fashion,4,463.39,1853.56
706,95525,30-06-2024,Sports,3,222.3,666.9
707,54963,12-01-2025,Home,2,173.68,347.36
708,17941,30-06-2025,Sports,4,14.42,57.68
709,92281,09-08-2025,Home,4,172.61,690.44
710,18339,01-02-2026,Fashion,5,400.94,2004.7
711,24910,11-06-2024,Books,3,14.27,42.81
712,12258,30-09-2025,Fashion,3,179.94,539.82
713,81562,24-08-2024,Beauty,5,70.63,353.15
714,25928,03-10-2024,Beauty,5,111.71,558.55
715,35803,14-07-2024,Books,4,98.82,395.28
716,70324,08-10-2025,Books,3,486.47,1459.41
717,22489,25-01-2026,Fashion,2,358.94,717.88
718,99852,16-10-2025,Sports,3,367.14,1101.42
719,48092,01-03-2026,Books,1,444.57,444.57
720,48270,01-11-2025,Fashion,2,161.16,322.32
721,42182,25-12-2025,Books,4,288.39,1153.56
722,30185,18-03-2026,Books,5,460.67,2303.35
723,40064,28-02-2026,Home,2,254.6,509.2
724,91729,27-02-2025,Electronics,2,49.93,99.86
725,77719,02-09-2025,Beauty,5,50.64,253.2
726,15684,21-01-2026,Sports,5,36.67,183.35
727,69689,25-03-2025,Books,3,290.92,872.76
728,37856,25-01-2025,Books,3,464.32,1392.96
729,37522,02-04-2025,Home,1,74.7,74.7
730,31321,12-07-2024,Fashion,4,205.44,821.76
731,27982,16-07-2024,Fashion,4,47.71,190.84
732,98724,03-04-2025,Home,3,28.32,84.96
733,97478,06-10-2025,Electronics,3,160.01,480.03
734,28935,30-11-2025,Home,2,87.35,174.7
735,45118,21-03-2026,Beauty,3,91.67,275.01
736,75373,13-12-2025,Electronics,4,101.34,405.36
737,10982,01-11-2025,Home,2,294.06,588.12
738,65376,12-01-2026,Electronics,2,255.73,511.46
739,14299,04-11-2025,Sports,5,130.96,654.8
740,18361,24-02-2026,Sports,2,185.76,371.52
741,33901,27-11-2025,Books,3,469.74,1409.22
742,68888,18-03-2026,Books,1,492.06,492.06
743,73322,16-09-2024,Electronics,5,162.92,814.6
744,12725,01-10-2025,Sports,1,465.01,465.01
745,98816,14-01-2025,Home,1,183.67,183.67
746,48058,11-01-2025,Beauty,5,186.13,930.65
747,97104,03-06-2024,Books,2,398.83,797.66
748,84452,21-11-2024,Sports,1,289.55,289.55
749,84503,27-07-2024,Electronics,2,434.02,868.04
750,75458,09-03-2026,Beauty,4,356.66,1426.64
751,54642,28-07-2024,Beauty,2,453.88,907.76
752,55632,12-05-2025,Books,2,184.39,368.78
753,23182,06-11-2025,Home,5,450.71,2253.55
754,31333,28-11-2024,Fashion,5,206.41,1032.05
755,52861,07-01-2026,Books,5,314.43,1572.15
756,98190,22-02-2026,Electronics,2,279.29,558.58
757,18479,21-03-2025,Sports,3,42.61,127.83
758,90226,03-08-2025,Home,5,388.37,1941.85
759,20944,31-05-2025,Books,4,220.25,881
760,91947,07-11-2025,Sports,1,98.2,98.2
761,81094,28-06-2024,Sports,2,88.34,176.68
762,87181,25-07-2024,Electronics,1,31.84,31.84
763,84694,20-11-2025,Home,3,107,321
764,43521,19-02-2026,Home,2,490.53,981.06
765,78448,14-11-2025,Books,4,353.57,1414.28
766,98452,11-12-2025,Home,3,127.41,382.23
767,39686,19-06-2025,Fashion,2,156.43,312.86
768,68668,31-12-2024,Sports,1,16.32,16.32
769,77888,27-08-2025,Beauty,2,433.92,867.84
770,63900,16-10-2025,Books,1,331.39,331.39
771,23414,18-08-2024,Sports,4,270.86,1083.44
772,72619,27-10-2024,Sports,1,25.3,25.3
773,96805,23-05-2026,Sports,5,217.44,1087.2
774,29613,18-09-2025,Sports,5,327.29,1636.45
775,54804,18-02-2026,Sports,4,398.03,1592.12
776,13965,03-08-2025,Fashion,2,372.98,745.96
777,30569,17-11-2025,Fashion,2,316.34,632.68
778,34306,17-06-2025,Home,3,260.41,781.23
779,44907,02-02-2026,Fashion,2,201.33,402.66
780,22071,22-09-2024,Fashion,2,174.04,348.08
781,55428,29-05-2026,Electronics,2,371.14,742.28
782,48955,04-05-2025,Books,2,62.61,125.22
783,45980,13-05-2026,Sports,4,369.51,1478.04
784,10847,13-10-2025,Beauty,1,192.83,192.83
785,82396,08-01-2025,Beauty,4,270.44,1081.76
786,54852,24-11-2025,Beauty,3,15.1,45.3
787,75933,04-11-2024,Beauty,5,429.11,2145.55
788,19444,16-10-2025,Sports,5,132.91,664.55
789,98893,25-05-2026,Electronics,5,451.57,2257.85
790,65494,06-06-2024,Books,5,304.47,1522.35
791,53775,25-01-2026,Fashion,3,366.17,1098.51
792,30671,23-10-2024,Electronics,2,433.35,866.7
793,28021,10-11-2025,Books,4,255.65,1022.6
794,80406,07-10-2025,Fashion,3,85.35,256.05
795,21741,25-12-2025,Home,2,427.25,854.5
796,29957,20-03-2025,Fashion,5,369.63,1848.15
797,36449,04-05-2026,Electronics,3,414.43,1243.29
798,89710,21-10-2024,Home,5,485.36,2426.8
799,86594,01-10-2025,Sports,3,175.6,526.8
800,50602,29-01-2025,Books,1,200.02,200.02
801,30422,17-08-2024,Home,4,163.37,653.48
802,27845,23-11-2024,Fashion,2,362.65,725.3
803,96692,10-03-2026,Beauty,3,404.73,1214.19
804,62967,13-12-2025,Books,1,227.39,227.39
805,37204,05-05-2026,Electronics,1,343.54,343.54
806,35527,10-09-2025,Electronics,3,18.45,55.35
807,82312,21-08-2024,Fashion,4,307.15,1228.6
808,79374,07-12-2024,Fashion,1,85.73,85.73
809,50204,16-12-2025,Fashion,2,124.75,249.5
810,90928,23-08-2024,Books,4,394.16,1576.64
811,79859,29-11-2025,Fashion,2,460.02,920.04
812,47348,06-03-2025,Fashion,1,262.19,262.19
813,40009,18-04-2025,Electronics,5,233.49,1167.45
814,38277,06-08-2024,Sports,4,227.39,909.56
815,69562,07-12-2025,Books,5,359.39,1796.95
816,80982,03-02-2025,Electronics,4,335.13,1340.52
817,19084,14-04-2026,Home,4,207.59,830.36
818,23671,07-05-2025,Electronics,3,237.98,713.94
819,79902,06-11-2024,Books,4,461.33,1845.32
820,54203,28-08-2024,Beauty,4,462.17,1848.68
821,35319,17-04-2026,Sports,2,161.7,323.4
822,62566,19-10-2025,Electronics,4,145.99,583.96
823,11882,13-06-2025,Beauty,4,427.43,1709.72
824,29547,02-07-2024,Books,1,251.59,251.59
825,21168,02-06-2026,Home,2,244.89,489.78
826,75301,23-12-2024,Books,5,423.87,2119.35
827,59310,22-10-2024,Electronics,2,483.08,966.16
828,63153,04-08-2025,Electronics,3,40.99,122.97
829,67257,10-03-2026,Beauty,5,229.86,1149.3
830,68310,25-12-2024,Electronics,2,195.74,391.48
831,61757,20-06-2024,Beauty,1,475.29,475.29
832,37901,10-12-2025,Fashion,5,370.7,1853.5
833,13785,28-03-2026,Fashion,1,376.38,376.38
834,66039,22-07-2025,Books,3,438.34,1315.02
835,91977,26-11-2024,Books,5,56.86,284.3
836,70824,18-01-2026,Fashion,1,46.05,46.05
837,70246,26-12-2025,Home,4,276.41,1105.64
838,30094,05-11-2025,Fashion,4,347.52,1390.08
839,57786,24-05-2026,Electronics,4,231.16,924.64
840,34137,23-06-2024,Sports,1,204.95,204.95
841,18948,02-04-2026,Fashion,4,237.98,951.92
842,37412,05-11-2024,Books,3,434.29,1302.87
843,61402,29-08-2025,Electronics,3,113.46,340.38
844,60428,05-02-2026,Sports,3,108.38,325.14
845,67346,28-07-2025,Fashion,5,363.31,1816.55
846,35034,28-05-2026,Books,2,277.16,554.32
847,58864,06-08-2025,Home,2,209.82,419.64
848,84598,01-03-2026,Sports,4,202.58,810.32
849,29960,24-11-2025,Sports,5,214.85,1074.25
850,28593,24-04-2026,Books,2,132.71,265.42
851,85463,10-12-2024,Fashion,4,246.38,985.52
852,97406,26-12-2025,Fashion,1,341.72,341.72
853,48952,15-01-2025,Home,3,24.65,73.95
854,21018,26-07-2024,Books,2,434.2,868.4
855,51082,25-11-2024,Sports,3,435.95,1307.85
856,51868,19-12-2025,Fashion,3,371.07,1113.21
857,46977,09-06-2025,Books,5,49.76,248.8
858,76909,25-09-2025,Books,1,185.91,185.91
859,50224,01-01-2025,Home,5,307.26,1536.3
860,68911,18-06-2024,Beauty,2,161.62,323.24
861,89736,14-02-2026,Electronics,3,176.66,529.98
862,99368,07-07-2025,Home,3,104.06,312.18
863,66919,12-04-2025,Beauty,1,381.51,381.51
864,87427,02-07-2025,Sports,3,356.54,1069.62
865,31468,23-01-2025,Books,3,314.7,944.1
866,42507,10-11-2024,Fashion,5,259.32,1296.6
867,49989,04-01-2025,Sports,1,301.16,301.16
868,42855,16-03-2026,Beauty,2,389.42,778.84
869,50395,13-05-2025,Books,4,343.51,1374.04
870,22462,25-12-2025,Beauty,5,43.42,217.1
871,85771,09-01-2026,Electronics,5,366.49,1832.45
872,36333,19-04-2025,Electronics,1,85.28,85.28
873,42852,16-07-2024,Fashion,1,451.42,451.42
874,79032,06-02-2025,Electronics,3,235.21,705.63
875,56622,26-06-2024,Home,5,139.46,697.3
876,11090,04-07-2025,Sports,4,247.49,989.96
877,38702,10-12-2024,Electronics,4,463.14,1852.56
878,38178,10-11-2024,Fashion,2,254.73,509.46
879,89277,18-08-2025,Home,4,207.18,828.72
880,75999,13-05-2026,Sports,4,496.54,1986.16
881,64409,29-09-2024,Sports,4,245.01,980.04
882,26178,25-01-2026,Electronics,2,271.59,543.18
883,83642,17-11-2025,Books,4,271.74,1086.96
884,57592,13-01-2025,Books,4,31.93,127.72
885,20173,24-11-2025,Home,3,230.83,692.49
886,99629,23-07-2024,Home,1,36.39,36.39
887,68883,30-10-2024,Electronics,1,13.67,13.67
888,72754,30-09-2025,Fashion,2,341.09,682.18
889,77768,20-11-2024,Fashion,3,152.65,457.95
890,48867,28-06-2024,Beauty,5,24.94,124.7
891,14783,22-07-2025,Books,4,219.48,877.92
892,39191,08-07-2025,Electronics,2,253.9,507.8
893,92204,11-02-2026,Beauty,4,85.01,340.04
894,29255,01-12-2024,Electronics,2,195.24,390.48
895,73751,25-01-2026,Electronics,5,451.65,2258.25
896,54048,30-12-2025,Books,2,371.12,742.24
897,16650,06-09-2024,Home,1,453.06,453.06
898,23894,29-11-2025,Electronics,5,220.2,1101
899,75372,27-08-2025,Beauty,2,199.52,399.04
900,32370,16-12-2024,Sports,1,244.98,244.98
901,30910,16-02-2025,Electronics,1,57.63,57.63
902,57826,07-09-2024,Home,5,361.23,1806.15
903,95058,17-08-2024,Fashion,3,419.23,1257.69
904,19179,12-03-2025,Electronics,5,16.55,82.75
905,49213,10-03-2025,Electronics,4,292.15,1168.6
906,11100,29-07-2024,Electronics,1,365.13,365.13
907,22653,23-06-2025,Sports,3,440.19,1320.57
908,22107,28-10-2025,Fashion,5,258.29,1291.45
909,13962,09-02-2025,Electronics,1,391.5,391.5
910,52068,17-01-2026,Beauty,4,122.68,490.72
911,77863,09-08-2025,Fashion,1,458.84,458.84
912,44352,11-03-2025,Sports,4,417.82,1671.28
913,10957,14-05-2026,Sports,3,76.67,230.01
914,50589,17-12-2025,Books,4,303.01,1212.04
915,80412,26-08-2025,Beauty,5,349.43,1747.15
916,86747,19-09-2024,Sports,4,300.02,1200.08
917,36350,16-10-2024,Sports,3,265,795
918,89005,11-10-2024,Beauty,3,485.24,1455.72
919,85649,22-11-2025,Home,1,313.97,313.97
920,58236,08-08-2024,Books,2,59.95,119.9
921,52556,16-03-2026,Electronics,5,167.77,838.85
922,59464,17-02-2026,Electronics,1,60.94,60.94
923,41776,08-03-2025,Books,1,237.33,237.33
924,33749,19-03-2025,Fashion,1,303.4,303.4
925,64570,01-05-2026,Electronics,5,477.84,2389.2
926,27273,20-09-2025,Electronics,1,60.62,60.62
927,65257,18-03-2026,Sports,1,362.7,362.7
928,57372,18-09-2025,Fashion,1,64.58,64.58
929,62474,02-12-2024,Sports,2,224.32,448.64
930,42955,09-11-2025,Books,1,186.8,186.8
931,50349,08-03-2026,Electronics,3,429.96,1289.88
932,93784,13-03-2025,Fashion,2,33.3,66.6
933,46761,19-04-2026,Fashion,5,143.42,717.1
934,48106,25-10-2025,Electronics,3,192.22,576.66
935,12175,10-12-2025,Beauty,4,247.84,991.36
936,52100,29-12-2024,Electronics,4,409.13,1636.52
937,78419,27-10-2024,Home,3,241.61,724.83
938,83236,07-07-2024,Home,2,65.89,131.78
939,90799,09-10-2024,Electronics,5,146,730
940,74169,27-09-2024,Electronics,2,278.52,557.04
941,56185,14-07-2025,Books,3,365.47,1096.41
942,58326,29-08-2025,Beauty,3,326.76,980.28
943,28024,13-05-2025,Fashion,1,237.42,237.42
944,29864,02-04-2025,Home,1,174.15,174.15
945,61526,08-06-2025,Electronics,4,193.48,773.92
946,60334,15-09-2025,Electronics,3,454.41,1363.23
947,44874,27-09-2025,Home,5,378.37,1891.85
948,70256,16-12-2024,Fashion,4,95.65,382.6
949,14053,05-07-2024,Fashion,4,308.47,1233.88
950,41510,26-09-2025,Sports,5,236.57,1182.85
951,94637,18-11-2025,Sports,2,368.8,737.6
952,50064,28-10-2024,Home,1,439.96,439.96
953,48724,04-10-2025,Home,1,223.41,223.41
954,12627,20-12-2024,Beauty,5,67.8,339
955,71748,12-10-2024,Home,2,180.17,360.34
956,61147,04-12-2024,Books,2,316.69,633.38
957,86200,08-09-2024,Books,5,85.08,425.4
958,50240,08-09-2025,Home,5,227.69,1138.45
959,58243,10-05-2026,Fashion,4,492.83,1971.32
960,10728,26-02-2025,Home,1,361.72,361.72
961,37060,27-12-2025,Home,5,364.56,1822.8
962,68138,19-04-2026,Fashion,2,75.88,151.76
963,48183,06-02-2025,Books,2,206.94,413.88
964,90070,17-09-2024,Sports,3,169.46,508.38
965,20368,21-03-2025,Beauty,4,237.98,951.92
966,27502,08-03-2026,Electronics,1,275.07,275.07
967,50926,09-04-2025,Home,5,53.4,267
968,25828,08-12-2025,Sports,3,297.94,893.82
969,40083,29-01-2025,Home,5,205.22,1026.1
970,31230,28-05-2026,Sports,1,285.39,285.39
971,35448,06-01-2025,Sports,5,442.71,2213.55
972,87463,12-09-2025,Fashion,3,128.45,385.35
973,97428,29-05-2025,Electronics,4,310.74,1242.96
974,40637,30-04-2026,Books,2,413.09,826.18
975,94252,04-02-2026,Sports,5,455.06,2275.3
976,15135,14-03-2025,Home,2,159.41,318.82
977,93786,13-06-2025,Fashion,4,368,1472
978,22517,15-06-2025,Electronics,3,62.03,186.09
979,51657,30-12-2025,Beauty,2,487.97,975.94
980,11637,26-09-2025,Home,5,147.22,736.1
981,25902,05-01-2026,Fashion,5,26.89,134.45
982,52192,20-05-2025,Sports,2,219.39,438.78
983,58583,14-11-2024,Sports,1,326.33,326.33
984,24225,14-01-2026,Electronics,3,155.43,466.29
985,62470,01-11-2024,Books,4,349.79,1399.16
986,90248,02-09-2024,Home,2,171.55,343.1
987,26613,14-05-2026,Sports,4,54.06,216.24
988,47286,11-03-2026,Books,1,424.5,424.5
989,48568,28-12-2024,Fashion,2,158.76,317.52
990,24273,10-02-2026,Beauty,4,264.74,1058.96
991,19444,05-05-2026,Books,4,273.94,1095.76
992,32537,05-11-2025,Home,1,459.72,459.72
993,41465,23-03-2026,Books,1,467.78,467.78
994,48309,12-04-2026,Beauty,3,190.16,570.48
995,45396,26-12-2024,Electronics,4,269.08,1076.32
996,17749,24-04-2026,Sports,2,163.16,326.32
997,33303,04-11-2024,Books,2,427.55,855.1
998,81485,06-06-2025,Home,2,289.88,579.76
999,43667,07-11-2025,Home,2,205.89,411.78
1000,46851,15-01-2026,Sports,2,408.75,817.5
